{"cameraMode":{"drawMode":0,"name":"Shaded","section":"Shading Mode"},"sceneLighting":false,"audioPlay":false,"sceneViewState":{"showFog":true,"showMaterialUpdate":false,"showSkybox":false,"showFlares":true,"showImageEffects":true,"showParticleSystems":true},"in2DMode":false,"pivot":{"x":0.058510616421699527,"y":3.297846794128418,"z":-1.599395513534546},"rotation":{"x":0.6467915177345276,"y":0.013727213256061077,"z":-0.011642443016171456,"w":0.7624655961990356},"size":2.6660256385803224,"orthographic":false}